USE clinica4f;

INSERT INTO Pacientes (id_paciente, nombre_completo, fecha_nacimiento, correo_electronico, telefono)
VALUES
('c1a1f0e3-88f2-4d23-b48a-001f4c02a001', 'Luis Perez', '1985-02-15', 'luisp@mail.com', '123-4567-890'),
('c1a1f0e3-88f2-4d23-b48a-001f4c02a002', 'Ana Ruiz', '1990-06-21', 'anaru@mail.com', '234-5678-901'),
('c1a1f0e3-88f2-4d23-b48a-001f4c02a003', 'Carlos Diaz', '1978-11-03', 'carlosd@mail.com', '345-6789-012'),
('c1a1f0e3-88f2-4d23-b48a-001f4c02a004', 'Marta Lopez', '1982-08-17', 'martal@mail.com', '456-7890-123'),
('c1a1f0e3-88f2-4d23-b48a-001f4c02a005', 'Jorge Gomez', '1995-03-10', 'jorgeg@mail.com', '567-8901-234'),
('c1a1f0e3-88f2-4d23-b48a-001f4c02a006', 'Sofia Herrera', '1989-07-29', 'sofiah@mail.com', '678-9012-345'),
('c1a1f0e3-88f2-4d23-b48a-001f4c02a007', 'Raul Torres', '1976-12-05', 'rault@mail.com', '789-0123-456'),
('c1a1f0e3-88f2-4d23-b48a-001f4c02a008', 'Elena Castro', '1993-05-12', 'elenac@mail.com', '890-1234-567'),
('c1a1f0e3-88f2-4d23-b48a-001f4c02a009', 'Mario Flores', '1987-09-23', 'mariof@mail.com', '901-2345-678'),
('c1a1f0e3-88f2-4d23-b48a-001f4c02a010', 'Lucia Morales', '1991-01-30', 'luciam@mail.com', '012-3456-789'),
('c1a1f0e3-88f2-4d23-b48a-001f4c02a011', 'Diego Sanchez', '1984-04-11', 'diegos@mail.com', '123-4567-891'),
('c1a1f0e3-88f2-4d23-b48a-001f4c02a012', 'Clara Mendoza', '1988-10-08', 'claram@mail.com', '234-5678-902'),
('c1a1f0e3-88f2-4d23-b48a-001f4c02a013', 'Pablo Jimenez', '1979-06-02', 'pabloj@mail.com', '345-6789-013'),
('c1a1f0e3-88f2-4d23-b48a-001f4c02a014', 'Natalia Vega', '1994-02-25', 'nataliav@mail.com', '456-7890-124'),
('c1a1f0e3-88f2-4d23-b48a-001f4c02a015', 'Ricardo Cruz', '1983-11-19', 'ricardoc@mail.com', '567-8901-235'),
('c1a1f0e3-88f2-4d23-b48a-001f4c02a016', 'Carla Navarro', '1992-07-04', 'carlan@mail.com', '678-9012-346'),
('c1a1f0e3-88f2-4d23-b48a-001f4c02a017', 'Andres Molina', '1986-03-15', 'andresm@mail.com', '789-0123-457'),
('c1a1f0e3-88f2-4d23-b48a-001f4c02a018', 'Isabel Ruiz', '1990-12-27', 'isabelr@mail.com', '890-1234-568'),
('c1a1f0e3-88f2-4d23-b48a-001f4c02a019', 'Fernando Castillo', '1981-05-06', 'fernandoc@mail.com', '901-2345-679'),
('c1a1f0e3-88f2-4d23-b48a-001f4c02a020', 'Paula Ramos', '1987-09-14', 'paular@mail.com', '012-3456-790'),
('c1a1f0e3-88f2-4d23-b48a-001f4c02a021', 'Javier Ortiz', '1977-08-30', 'javiero@mail.com', '123-4567-892'),
('c1a1f0e3-88f2-4d23-b48a-001f4c02a022', 'Veronica Diaz', '1993-03-22', 'veronicad@mail.com', '234-5678-903'),
('c1a1f0e3-88f2-4d23-b48a-001f4c02a023', 'Esteban Paredes', '1985-01-17', 'estebanp@mail.com', '345-6789-014'),
('c1a1f0e3-88f2-4d23-b48a-001f4c02a024', 'Gabriela Medina', '1991-06-09', 'gabrielam@mail.com', '456-7890-125'),
('c1a1f0e3-88f2-4d23-b48a-001f4c02a025', 'Santiago Ruiz', '1989-11-11', 'santiagor@mail.com', '567-8901-236'),
('c1a1f0e3-88f2-4d23-b48a-001f4c02a026', 'Laura Sanchez', '1992-04-28', 'lauras@mail.com', '678-9012-347'),
('c1a1f0e3-88f2-4d23-b48a-001f4c02a027', 'Victor Herrera', '1980-10-05', 'victorh@mail.com', '789-0123-458'),
('c1a1f0e3-88f2-4d23-b48a-001f4c02a028', 'Claudia Moreno', '1988-02-19', 'claudiam@mail.com', '890-1234-569'),
('c1a1f0e3-88f2-4d23-b48a-001f4c02a029', 'Diego Perez', '1994-07-01', 'diegop@mail.com', '901-2345-680'),
('c1a1f0e3-88f2-4d23-b48a-001f4c02a030', 'Natalia Castillo', '1986-05-13', 'nataliac@mail.com', '012-3456-791'),
('c1a1f0e3-88f2-4d23-b48a-001f4c02a031', 'Luis Alvarez', '1979-09-27', 'luisa@mail.com', '123-4567-893'),
('c1a1f0e3-88f2-4d23-b48a-001f4c02a032', 'Maria Fernandez', '1987-12-15', 'mariaf@mail.com', '234-5678-904'),
('c1a1f0e3-88f2-4d23-b48a-001f4c02a033', 'Alberto Gomez', '1991-03-04', 'albertog@mail.com', '345-6789-015'),
('c1a1f0e3-88f2-4d23-b48a-001f4c02a034', 'Sofia Navarro', '1983-08-21', 'sofian@mail.com', '456-7890-126'),
('c1a1f0e3-88f2-4d23-b48a-001f4c02a035', 'Daniel Cruz', '1990-06-30', 'danielc@mail.com', '567-8901-237'),
('c1a1f0e3-88f2-4d23-b48a-001f4c02a036', 'Paola Martinez', '1985-11-09', 'paolam@mail.com', '678-9012-348'),
('c1a1f0e3-88f2-4d23-b48a-001f4c02a037', 'Jorge Molina', '1989-01-23', 'jorgem@mail.com', '789-0123-459'),
('c1a1f0e3-88f2-4d23-b48a-001f4c02a038', 'Ana Ramirez', '1992-04-11', 'anaram@mail.com', '890-1234-570'),
('c1a1f0e3-88f2-4d23-b48a-001f4c02a039', 'Carlos Lopez', '1978-07-16', 'carlosl@mail.com', '901-2345-681'),
('c1a1f0e3-88f2-4d23-b48a-001f4c02a040', 'Marta Ortega', '1986-10-29', 'martao@mail.com', '012-3456-792'),
('c1a1f0e3-88f2-4d23-b48a-001f4c02a041', 'Diego Herrera', '1993-02-07', 'diegh@mail.com', '123-4567-894'),
('c1a1f0e3-88f2-4d23-b48a-001f4c02a042', 'Isabel Torres', '1984-05-20', 'isabelt@mail.com', '234-5678-905'),
('c1a1f0e3-88f2-4d23-b48a-001f4c02a043', 'Raul Sanchez', '1990-09-12', 'rauls@mail.com', '345-6789-016'),
('c1a1f0e3-88f2-4d23-b48a-001f4c02a044', 'Lucia Fernandez', '1987-01-04', 'luciaf@mail.com', '456-7890-127'),
('c1a1f0e3-88f2-4d23-b48a-001f4c02a045', 'Pablo Diaz', '1991-06-18', 'pablod@mail.com', '567-8901-238'),
('c1a1f0e3-88f2-4d23-b48a-001f4c02a046', 'Sofia Jimenez', '1983-11-27', 'sofiaj@mail.com', '678-9012-349');

INSERT INTO Medicos (id_medico, nombre_completo, especialidad, correo_electronico, telefono)
VALUES
('d1b2f0e3-77a1-4c56-b21a-002f5d13b101', 'Carlos Ruiz', 'Cardiología', 'carlosr@mail.com', '321-6547-890'),
('d1b2f0e3-77a1-4c56-b21a-002f5d13b102', 'Ana Morales', 'Pediatría', 'anam@mail.com', '432-7658-901'),
('d1b2f0e3-77a1-4c56-b21a-002f5d13b103', 'Luis Gomez', 'Dermatología', 'luisg@mail.com', '543-8769-012'),
('d1b2f0e3-77a1-4c56-b21a-002f5d13b104', 'Marta Diaz', 'Neurología', 'martad@mail.com', '654-9870-123'),
('d1b2f0e3-77a1-4c56-b21a-002f5d13b105', 'Jorge Perez', 'Traumatología', 'jorgep@mail.com', '765-0981-234'),
('d1b2f0e3-77a1-4c56-b21a-002f5d13b106', 'Sofia Castillo', 'Oftalmología', 'sofiac@mail.com', '876-1092-345'),
('d1b2f0e3-77a1-4c56-b21a-002f5d13b107', 'Raul Mendoza', 'Psiquiatría', 'raulm@mail.com', '987-2103-456'),
('d1b2f0e3-77a1-4c56-b21a-002f5d13b108', 'Elena Ramos', 'Gastroenterología', 'elenar@mail.com', '098-3214-567'),
('d1b2f0e3-77a1-4c56-b21a-002f5d13b109', 'Mario Jimenez', 'Endocrinología', 'marioj@mail.com', '109-4325-678'),
('d1b2f0e3-77a1-4c56-b21a-002f5d13b110', 'Lucia Alvarez', 'Reumatología', 'luciaa@mail.com', '210-5436-789'),
('d1b2f0e3-77a1-4c56-b21a-002f5d13b111', 'Diego Torres', 'Oncología', 'diegot@mail.com', '321-6547-891'),
('d1b2f0e3-77a1-4c56-b21a-002f5d13b112', 'Clara Hernandez', 'Neumología', 'clarah@mail.com', '432-7658-902'),
('d1b2f0e3-77a1-4c56-b21a-002f5d13b113', 'Pablo Vega', 'Nefrología', 'pablov@mail.com', '543-8769-013'),
('d1b2f0e3-77a1-4c56-b21a-002f5d13b114', 'Natalia Ortiz', 'Ginecología', 'nataliao@mail.com', '654-9870-124'),
('d1b2f0e3-77a1-4c56-b21a-002f5d13b115', 'Ricardo Morales', 'Urología', 'ricardom@mail.com', '765-0981-235'),
('d1b2f0e3-77a1-4c56-b21a-002f5d13b116', 'Carla Fernandez', 'Otorrinolaringología', 'carla@mail.com', '876-1092-346'),
('d1b2f0e3-77a1-4c56-b21a-002f5d13b117', 'Andres Ramirez', 'Cirugía General', 'andresr@mail.com', '987-2103-457'),
('d1b2f0e3-77a1-4c56-b21a-002f5d13b118', 'Isabel Torres', 'Medicina Interna', 'isabelt@mail.com', '098-3214-568'),
('d1b2f0e3-77a1-4c56-b21a-002f5d13b119', 'Fernando Cruz', 'Cardiología', 'fernandoc@mail.com', '109-4325-679'),
('d1b2f0e3-77a1-4c56-b21a-002f5d13b120', 'Paula Sanchez', 'Pediatría', 'paulas@mail.com', '210-5436-790'),
('d1b2f0e3-77a1-4c56-b21a-002f5d13b121', 'Javier Morales', 'Dermatología', 'javierm@mail.com', '321-6547-892'),
('d1b2f0e3-77a1-4c56-b21a-002f5d13b122', 'Veronica Lopez', 'Neurología', 'veronical@mail.com', '432-7658-903'),
('d1b2f0e3-77a1-4c56-b21a-002f5d13b123', 'Esteban Jimenez', 'Traumatología', 'estebanj@mail.com', '543-8769-014'),
('d1b2f0e3-77a1-4c56-b21a-002f5d13b124', 'Gabriela Torres', 'Oftalmología', 'gabrielat@mail.com', '654-9870-125'),
('d1b2f0e3-77a1-4c56-b21a-002f5d13b125', 'Santiago Ramirez', 'Psiquiatría', 'santiagor@mail.com', '765-0981-236'),
('d1b2f0e3-77a1-4c56-b21a-002f5d13b126', 'Laura Gonzalez', 'Gastroenterología', 'laurag@mail.com', '876-1092-347'),
('d1b2f0e3-77a1-4c56-b21a-002f5d13b127', 'Victor Mendoza', 'Endocrinología', 'victorm@mail.com', '987-2103-458'),
('d1b2f0e3-77a1-4c56-b21a-002f5d13b128', 'Claudia Martinez', 'Reumatología', 'claudiam@mail.com', '098-3214-569'),
('d1b2f0e3-77a1-4c56-b21a-002f5d13b129', 'Diego Herrera', 'Oncología', 'diegh@mail.com', '109-4325-680'),
('d1b2f0e3-77a1-4c56-b21a-002f5d13b130', 'Natalia Navarro', 'Neumología', 'natalian@mail.com', '210-5436-791'),
('d1b2f0e3-77a1-4c56-b21a-002f5d13b131', 'Luis Ramos', 'Nefrología', 'luisr@mail.com', '321-6547-893'),
('d1b2f0e3-77a1-4c56-b21a-002f5d13b132', 'Maria Lopez', 'Ginecología', 'marial@mail.com', '432-7658-904'),
('d1b2f0e3-77a1-4c56-b21a-002f5d13b133', 'Alberto Sanchez', 'Urología', 'albertos@mail.com', '543-8769-015'),
('d1b2f0e3-77a1-4c56-b21a-002f5d13b134', 'Sofia Perez', 'Otorrinolaringología', 'sofiap@mail.com', '654-9870-126'),
('d1b2f0e3-77a1-4c56-b21a-002f5d13b135', 'Daniel Ortiz', 'Cirugía General', 'danielo@mail.com', '765-0981-237'),
('d1b2f0e3-77a1-4c56-b21a-002f5d13b136', 'Paola Fernandez', 'Medicina Interna', 'paolaf@mail.com', '876-1092-348'),
('d1b2f0e3-77a1-4c56-b21a-002f5d13b137', 'Jorge Alvarez', 'Cardiología', 'jorgea@mail.com', '987-2103-459'),
('d1b2f0e3-77a1-4c56-b21a-002f5d13b138', 'Ana Castillo', 'Pediatría', 'anac@mail.com', '098-3214-570'),
('d1b2f0e3-77a1-4c56-b21a-002f5d13b139', 'Carlos Morales', 'Dermatología', 'carlosm@mail.com', '109-4325-681'),
('d1b2f0e3-77a1-4c56-b21a-002f5d13b140', 'Marta Ruiz', 'Neurología', 'martar@mail.com', '210-5436-792'),
('d1b2f0e3-77a1-4c56-b21a-002f5d13b141', 'Diego Gomez', 'Traumatología', 'diegog@mail.com', '321-6547-894'),
('d1b2f0e3-77a1-4c56-b21a-002f5d13b142', 'Isabel Torres', 'Oftalmología', 'isabelt@mail.com', '432-7658-905'),
('d1b2f0e3-77a1-4c56-b21a-002f5d13b143', 'Raul Sanchez', 'Psiquiatría', 'rauls@mail.com', '543-8769-016'),
('d1b2f0e3-77a1-4c56-b21a-002f5d13b144', 'Lucia Fernandez', 'Gastroenterología', 'luciaf@mail.com', '654-9870-127'),
('d1b2f0e3-77a1-4c56-b21a-002f5d13b145', 'Pablo Jimenez', 'Endocrinología', 'pabloj@mail.com', '765-0981-238'),
('d1b2f0e3-77a1-4c56-b21a-002f5d13b146', 'Sofia Ramirez', 'Reumatología', 'sofiar@mail.com', '876-1092-349'),
('d1b2f0e3-77a1-4c56-b21a-002f5d13b147', 'Andres Gonzalez', 'Oncología', 'andresg@mail.com', '987-2103-460'),
('d1b2f0e3-77a1-4c56-b21a-002f5d13b148', 'Veronica Herrera', 'Neumología', 'veronicah@mail.com', '098-3214-571'),
('d1b2f0e3-77a1-4c56-b21a-002f5d13b149', 'Javier Navarro', 'Nefrología', 'javiern@mail.com', '109-4325-682'),
('d1b2f0e3-77a1-4c56-b21a-002f5d13b150', 'Natalia Ramos', 'Ginecología', 'natialr@mail.com', '210-5436-793');

INSERT INTO Citas (id_cita, id_paciente, id_medico, fecha, hora, estado)
VALUES
('c1a2e0f3-77a1-4c56-b21a-002f5d13c201', 'a1b2c3d4-77a1-4c56-b21a-002f5d13a101', 'd1b2f0e3-77a1-4c56-b21a-002f5d13b101', '2025-06-01', '09:00:00', 'confirmada'),
('c1a2e0f3-77a1-4c56-b21a-002f5d13c202', 'a1b2c3d4-77a1-4c56-b21a-002f5d13a102', 'd1b2f0e3-77a1-4c56-b21a-002f5d13b102', '2025-06-02', '10:30:00', 'pendiente'),
('c1a2e0f3-77a1-4c56-b21a-002f5d13c203', 'a1b2c3d4-77a1-4c56-b21a-002f5d13a103', 'd1b2f0e3-77a1-4c56-b21a-002f5d13b103', '2025-06-03', '11:00:00', 'completada'),
('c1a2e0f3-77a1-4c56-b21a-002f5d13c204', 'a1b2c3d4-77a1-4c56-b21a-002f5d13a104', 'd1b2f0e3-77a1-4c56-b21a-002f5d13b104', '2025-06-04', '14:00:00', 'cancelada'),
('c1a2e0f3-77a1-4c56-b21a-002f5d13c205', 'a1b2c3d4-77a1-4c56-b21a-002f5d13a105', 'd1b2f0e3-77a1-4c56-b21a-002f5d13b105', '2025-06-05', '15:30:00', 'pendiente'),
('c1a2e0f3-77a1-4c56-b21a-002f5d13c206', 'a1b2c3d4-77a1-4c56-b21a-002f5d13a106', 'd1b2f0e3-77a1-4c56-b21a-002f5d13b106', '2025-06-06', '09:30:00', 'confirmada'),
('c1a2e0f3-77a1-4c56-b21a-002f5d13c207', 'a1b2c3d4-77a1-4c56-b21a-002f5d13a107', 'd1b2f0e3-77a1-4c56-b21a-002f5d13b107', '2025-06-07', '10:00:00', 'completada'),
('c1a2e0f3-77a1-4c56-b21a-002f5d13c208', 'a1b2c3d4-77a1-4c56-b21a-002f5d13a108', 'd1b2f0e3-77a1-4c56-b21a-002f5d13b108', '2025-06-08', '11:30:00', 'pendiente'),
('c1a2e0f3-77a1-4c56-b21a-002f5d13c209', 'a1b2c3d4-77a1-4c56-b21a-002f5d13a109', 'd1b2f0e3-77a1-4c56-b21a-002f5d13b109', '2025-06-09', '13:00:00', 'cancelada'),
('c1a2e0f3-77a1-4c56-b21a-002f5d13c210', 'a1b2c3d4-77a1-4c56-b21a-002f5d13a110', 'd1b2f0e3-77a1-4c56-b21a-002f5d13b110', '2025-06-10', '14:30:00', 'confirmada'),
('c1a2e0f3-77a1-4c56-b21a-002f5d13c211', 'a1b2c3d4-77a1-4c56-b21a-002f5d13a111', 'd1b2f0e3-77a1-4c56-b21a-002f5d13b111', '2025-06-11', '09:00:00', 'pendiente'),
('c1a2e0f3-77a1-4c56-b21a-002f5d13c212', 'a1b2c3d4-77a1-4c56-b21a-002f5d13a112', 'd1b2f0e3-77a1-4c56-b21a-002f5d13b112', '2025-06-12', '10:30:00', 'completada'),
('c1a2e0f3-77a1-4c56-b21a-002f5d13c213', 'a1b2c3d4-77a1-4c56-b21a-002f5d13a113', 'd1b2f0e3-77a1-4c56-b21a-002f5d13b113', '2025-06-13', '11:00:00', 'pendiente'),
('c1a2e0f3-77a1-4c56-b21a-002f5d13c214', 'a1b2c3d4-77a1-4c56-b21a-002f5d13a114', 'd1b2f0e3-77a1-4c56-b21a-002f5d13b114', '2025-06-14', '14:00:00', 'cancelada'),
('c1a2e0f3-77a1-4c56-b21a-002f5d13c215', 'a1b2c3d4-77a1-4c56-b21a-002f5d13a115', 'd1b2f0e3-77a1-4c56-b21a-002f5d13b115', '2025-06-15', '15:30:00', 'confirmada'),
('c1a2e0f3-77a1-4c56-b21a-002f5d13c216', 'a1b2c3d4-77a1-4c56-b21a-002f5d13a116', 'd1b2f0e3-77a1-4c56-b21a-002f5d13b116', '2025-06-16', '09:30:00', 'pendiente'),
('c1a2e0f3-77a1-4c56-b21a-002f5d13c217', 'a1b2c3d4-77a1-4c56-b21a-002f5d13a117', 'd1b2f0e3-77a1-4c56-b21a-002f5d13b117', '2025-06-17', '10:00:00', 'completada'),
('c1a2e0f3-77a1-4c56-b21a-002f5d13c218', 'a1b2c3d4-77a1-4c56-b21a-002f5d13a118', 'd1b2f0e3-77a1-4c56-b21a-002f5d13b118', '2025-06-18', '11:30:00', 'pendiente'),
('c1a2e0f3-77a1-4c56-b21a-002f5d13c219', 'a1b2c3d4-77a1-4c56-b21a-002f5d13a119', 'd1b2f0e3-77a1-4c56-b21a-002f5d13b119', '2025-06-19', '13:00:00', 'cancelada'),
('c1a2e0f3-77a1-4c56-b21a-002f5d13c220', 'a1b2c3d4-77a1-4c56-b21a-002f5d13a120', 'd1b2f0e3-77a1-4c56-b21a-002f5d13b120', '2025-06-20', '14:30:00', 'confirmada'),
('c1a2e0f3-77a1-4c56-b21a-002f5d13c221', 'a1b2c3d4-77a1-4c56-b21a-002f5d13a121', 'd1b2f0e3-77a1-4c56-b21a-002f5d13b121', '2025-06-21', '09:00:00', 'pendiente'),
('c1a2e0f3-77a1-4c56-b21a-002f5d13c222', 'a1b2c3d4-77a1-4c56-b21a-002f5d13a122', 'd1b2f0e3-77a1-4c56-b21a-002f5d13b122', '2025-06-22', '10:30:00', 'completada'),
('c1a2e0f3-77a1-4c56-b21a-002f5d13c223', 'a1b2c3d4-77a1-4c56-b21a-002f5d13a123', 'd1b2f0e3-77a1-4c56-b21a-002f5d13b123', '2025-06-23', '11:00:00', 'pendiente'),
('c1a2e0f3-77a1-4c56-b21a-002f5d13c224', 'a1b2c3d4-77a1-4c56-b21a-002f5d13a124', 'd1b2f0e3-77a1-4c56-b21a-002f5d13b124', '2025-06-24', '14:00:00', 'cancelada'),
('c1a2e0f3-77a1-4c56-b21a-002f5d13c225', 'a1b2c3d4-77a1-4c56-b21a-002f5d13a125', 'd1b2f0e3-77a1-4c56-b21a-002f5d13b125', '2025-06-25', '15:30:00', 'confirmada'),
('c1a2e0f3-77a1-4c56-b21a-002f5d13c226', 'a1b2c3d4-77a1-4c56-b21a-002f5d13a126', 'd1b2f0e3-77a1-4c56-b21a-002f5d13b126', '2025-06-26', '09:30:00', 'pendiente'),
('c1a2e0f3-77a1-4c56-b21a-002f5d13c227', 'a1b2c3d4-77a1-4c56-b21a-002f5d13a127', 'd1b2f0e3-77a1-4c56-b21a-002f5d13b127', '2025-06-27', '10:00:00', 'completada'),
('c1a2e0f3-77a1-4c56-b21a-002f5d13c228', 'a1b2c3d4-77a1-4c56-b21a-002f5d13a128', 'd1b2f0e3-77a1-4c56-b21a-002f5d13b128', '2025-06-28', '11:30:00', 'pendiente'),
('c1a2e0f3-77a1-4c56-b21a-002f5d13c229', 'a1b2c3d4-77a1-4c56-b21a-002f5d13a129', 'd1b2f0e3-77a1-4c56-b21a-002f5d13b129', '2025-06-29', '13:00:00', 'cancelada'),
('c1a2e0f3-77a1-4c56-b21a-002f5d13c230', 'a1b2c3d4-77a1-4c56-b21a-002f5d13a130', 'd1b2f0e3-77a1-4c56-b21a-002f5d13b130', '2025-06-30', '14:30:00', 'confirmada');